{
  "n_samples": 1000,
  "n_features": 7,
  "score_mean": 0.09305112941201427,
  "score_std": 0.046996289887305885,
  "score_min": -0.13581574848445288,
  "score_max": 0.1568581323310611,
  "contamination": 0.05,
  "n_estimators": 50,
  "trained_at": "2026-03-01T10:41:23.740858"
}